{
    "enable_pressure_advance": [
        "1"
    ],
    "filament_flow_ratio": [
        "0.97"
    ],
    "filament_retraction_length": [
        "0.4"
    ],
    "filament_settings_id": [
        "Elegoo Rapid PLA +"
    ],
    "from": "User",
    "hot_plate_temp": [
        "60"
    ],
    "hot_plate_temp_initial_layer": [
        "60"
    ],
    "inherits": "Generic PLA @System",
    "is_custom_defined": "0",
    "name": "Elegoo Rapid PLA +",
    "nozzle_temperature": [
        "205"
    ],
    "nozzle_temperature_initial_layer": [
        "205"
    ],
    "pressure_advance": [
        "0.044"
    ],
    "slow_down_layer_time": [
        "6"
    ],
    "version": "2.3.0.0"
}
